Mistake,Problem,Solution,Severity
Google Play Store से Termux install करना,"Outdated version, limited features, compatibility issues",F-Droid से latest version install करें,High
pkg update नहीं करना,"Package installation errors, security vulnerabilities",Regular basis पर pkg update && pkg upgrade run करें,Medium
Storage permission नहीं देना,Files access नहीं कर सकते,termux-setup-storage command run करें,Medium
Root access की गलत समझ,"Termux को root की जरूरत नहीं, बिना root के भी powerful",Root के बिना ही Termux use करें,Low
Extra keys enable नहीं करना,"Typing में difficulty, important keys missing",Volume Up + Q press करके extra keys enable करें,Low
Files को wrong location में save करना,Files access नहीं हो पाते,~/storage/ directory use करें shared storage के लिए,Medium
