Step,Title,Action,Time_Required,Difficulty
1,Download F-Droid,F-Droid APK download करें https://f-droid.org से,2 minutes,Easy
2,Install F-Droid,Downloaded APK को install करें (Allow from unknown sources),1 minute,Easy
3,Search Termux,F-Droid app में Termux search करें,30 seconds,Easy
4,Install Termux,Termux app को install करें F-Droid से,3-5 minutes,Easy
5,First Launch,Termux को पहली बार open करें,30 seconds,Easy
6,Update Packages,pkg update && pkg upgrade command run करें,5-10 minutes,Easy
7,Setup Storage,termux-setup-storage command run करें,1 minute,Easy
8,Install Basic Tools,pkg install git curl wget nano,3-5 minutes,Easy
