Shortcut,Function,Usage,Category
Volume Down + L,Clear terminal screen (Ctrl+L),Terminal clear करने के लिए,Navigation
Volume Down + C,Cancel current command (Ctrl+C),Running process को stop करने के लिए,Process Control
Volume Down + D,Logout/Exit (Ctrl+D),Session close करने के लिए,Session Control
Volume Up + Q,Toggle extra keys,Extra keyboard row show/hide करने के लिए,Interface
Volume Up + T,Tab key,Auto-completion के लिए,Text Input
Volume Up + E,Escape key,Cancel operations के लिए,Text Input
Volume Up + W/A/S/D,Arrow keys (Up/Left/Down/Right),Navigation और cursor movement,Navigation
Volume Up + 1-9,Function keys F1-F9,Function keys का alternative,Function Keys
