Package,Install_Command,Purpose,Size,Priority
git,pkg install git,Version control और repositories clone करने के लिए,~15MB,High
curl,pkg install curl,Internet से files download करने के लिए,~5MB,High
wget,pkg install wget,Files download करने के लिए (curl का alternative),~3MB,Medium
nano,pkg install nano,Simple text editor (beginners के लिए best),~2MB,High
python,pkg install python,Python programming language,~50MB,High
nodejs,pkg install nodejs,JavaScript runtime environment,~30MB,Medium
openssh,pkg install openssh,SSH client और server functionality,~8MB,Medium
htop,pkg install htop,System processes monitor करने के लिए,~1MB,Medium
zip,pkg install zip unzip,Archive files create और extract करने के लिए,~2MB,Medium
termux-api,pkg install termux-api,Android features access करने के लिए,~5MB,Low
