Command,Description,Usage,Category,Frequency
pkg update,Package list को update करता है,pkg update,Package Management,Daily
pkg upgrade,Installed packages को upgrade करता है,pkg upgrade,Package Management,Daily
termux-setup-storage,Android storage access permission देता है,termux-setup-storage,System Setup,One-time
ls,Files और directories list करता है,ls -la,File Management,Very High
cd,Directory change करने के लिए,cd /path/to/directory,Navigation,Very High
pwd,Current working directory show करता है,pwd,Navigation,High
mkdir,New directory create करता है,mkdir foldername,File Management,High
rm,Files या directories delete करता है,rm filename या rm -rf foldername,File Management,Medium
cp,Files या directories copy करता है,cp source destination,File Management,Medium
mv,Files को move या rename करता है,mv oldname newname,File Management,Medium
cat,File content display करता है,cat filename,File Viewing,High
nano,Text editor (beginner-friendly),nano filename,Text Editing,High
chmod,File permissions change करता है,chmod +x filename,System Administration,Medium
clear,Terminal screen clear करता है,clear,Utility,High
exit,Termux session close करता है,exit,Session Management,High
